"it/results.tsv"	"cs/results.tsv"	"zh/results.tsv"	"nl/results.tsv"	"de/results.tsv"	"es/results.tsv"	"en/results.tsv"	"tr/results.tsv"
0.20652041979365574	0.20156394430032498	0.19672470978441123	0.22447428690401833	0.21043069359837552	0.21162286542957767	0.21283800447877516	0.19920212765957448
