"it/results.tsv"	"cs/results.tsv"	"zh/results.tsv"	"nl/results.tsv"	"de/results.tsv"	"es/results.tsv"	"en/results.tsv"	"tr/results.tsv"
0.19825702739908524	0.1942150239362892	0.19013266998341627	0.21475640224859463	0.2018221652238965	0.20279232886442333	0.20425089032919985	0.1903338549817423
