"ja/results.tsv"	"it/results.tsv"	"cs/results.tsv"	"zh/results.tsv"	"nl/results.tsv"	"de/results.tsv"	"es/results.tsv"	"en/results.tsv"	"tr/results.tsv"
0.21630942275042445	0.22155711599708378	0.21846864428831642	0.22627494456762748	0.24287014563106796	0.2327613371694753	0.23689157966387683	0.23790098063658274	0.22603616416091024
