"narrative_en/results.tsv"	"std_en/results.tsv"
0.573134328358209	0.4701492537313433
