language	Rank_in	percentage
narrative_en	top1	0.4925373134328358
std_en	top1	0.40298507462686567
narrative_en	top3	0.6417910447761194
std_en	top3	0.5522388059701493
narrative_en	top5	0.7014925373134329
std_en	top5	0.5522388059701493
narrative_en	top10	0.7014925373134329
std_en	top10	0.5522388059701493
narrative_en	not_found	0.29850746268656714
std_en	not_found	0.44776119402985076
