language	Rank_in	percentage
narrative_en	Top-1	49.25373134328358
std_en	Top-1	40.298507462686565
narrative_en	Top-3	64.17910447761194
std_en	Top-3	55.223880597014926
narrative_en	Top-5	70.14925373134328
std_en	Top-5	55.223880597014926
narrative_en	Top-10	70.14925373134328
std_en	Top-10	55.223880597014926
narrative_en	Not Found	29.850746268656717
std_en	Not Found	44.776119402985074
